technique,median,lo,hi,n,frac_pos
ecephys,0.3715619269878313,0.3203883495145631,0.42212438084755094,491,0.7617107942973523
mesoscope,0.09254855662584305,0.04482058808207512,0.132773756980896,2511,0.5364396654719236
