paradigm,expectation,metric,median,lo,hi,n,n_sess,frac_pos,p
Feature-oddball,frequency,DvI (90°),0.45381526104417685,0.40980147693488067,0.49435444280805096,1627,9,0.787338660110633,3.5671521266710146e-115
Sequence,learned order,DvI (90°),0.20534877778142602,0.14784946235457888,0.2669804976164186,1197,7,0.5889724310776943,6.908672654600194e-11
Duration / timing,learned timing,timing-PE index,0.3209226621473279,0.2941130867707915,0.36489595927770146,744,6,0.7365591397849462,8.957160179476345e-60
Sensorimotor,motor contingency,closed−open DvI (omission),0.08771929823266494,0.01725601131455474,0.15554344864682926,287,1,0.5609756097560976,1.8178520478714e-06
